단어,점수
가가,0
가게,0
가계,0
가구,0
가기,0
가까워지다,1
가꾸다,1
가꾸어지다,1
가나,0
가누다,0
가늘어지다,0
가다,0
가다가,0
가다듬다,0
가다듬다다,0
가도,0
가두,0
가두다,0
가든,0
가라,0
가라앉다,0
가라앉히다,0
가려내다,0
가려지다,0
가로놓이다,0
가로막다,-1
가로막히다,-1
가로새다,0
가로서다,-1
가로지르다,-1
가르다,0
가르치다,0
가리다,0
가리어지다,0
가리우다,0
가리키다,0
가림,0
가만두다,0
가만있다,0
가면,0
가문,0
가물,0
가물다,0
가버리다,-1
가벼워지다,1
가보,0
가보다,0
가빠지다,0
가세,0
가수,0
가시,0
가시다,0
가신,0
가십,0
가안,0
가야,0
가오,0
가오리,0
가요,0
가을,0
가의,0
가전,0
가져가다,0
가져다주다,0
가져오다,0
가지,0
가지다,0
가짐,0
가집,0
가하다,0
가해,0
간고,0
간다,0
간단,0
간당이다,0
간댕이다,0
간두다,0
간이,0
간종그리다,0
간지,0
간지나다,0
간질거리다,0
갇히다,-1
갈건,0
갈겨쓰다,-1
갈고,0
갈구다,-1
갈다,0
갈라,0
갈라고,0
갈라지다,-1
갈래,0
갈리,0
갈리다,0
갈림,0
갈림길,0
갈수,0
갈아,0
갈아엎다,-1
갈아입다,0
갈아타다,0
갉다,0
갉아먹다,0
감고,0
감다,0
감당,0
감돌다,0
감사하다,2
감소,0
감시,0
감싸다,0
감자,0
감자전,0
감추다,0
갑사,0
값싸다,1
갖다,0
갖추다,1
갚다,0
개개다,0
개나리,0
개다,0
개도,0
개시,0
개인,0
개지,0
갸울다,0
거꾸러지다,0
거닐다,0
거두다,0
거두어들이다,0
거둬들이다,0
거든요,0
거들다,0
거스러지다,0
거슬리다,-1
거치다,0
건내다,0
건너,0
건너가다,0
건너다,0
건너오다,0
건네다,0
건네주다,0
건드리다,0
건지다,0
걷기,0
걷다,0
걷어차다,-2
걷히다,0
걸다,0
걸리다,0
걸어가다,0
걸어오다,0
걸음,0
걸치다,0
검어지다,0
겁나다,0
겁니다,0
게우다,0
겠다,0
겨루다,0
겨울,0
겪다,0
견디다,0
결리다,0
경감시키다,0
경사지다,0
경험시키다,0
곁들이다,0
고꾸라지다,0
고라,0
고라니,0
고르다,0
고름,0
고부리다,0
고치,0
고치다,0
곧서다,0
골다,0
골르다,0
골수,0
골재,0
골치,0
곯다,-2
곱씹다,0
공갈치다,-2
괴롭히다,-2
구기,0
구기다,0
구르다,0
구름,0
구부러지다,0
구부리다,0
구슬리다,0
구식이다,0
구푸리다,0
굳어지다,0
굳히다,0
굴러가다,0
굶다,-1
굶주리다,-1
굽다,0
굽신대다,-1
굽이치다,-1
굽히다,-1
권하다,0
권한,0
그려지다,0
그리고,0
그리다,0
그린,0
그릴,0
그림,0
그만두다,0
그치다,0
긁다,0
긋다,0
기계,0
기구,0
기내,0
기다,0
기다리다,0
기다림,0
기대다,0
기도,0
기르다,0
기름,0
기사,0
기어,0
기어오르다,0
기억나다,0
기에,0
기운,0
기울다,0
기울어지다,0
기울이다,0
기죽다,-1
기지,0
길가,0
길들다,0
길들이다,0
길래,0
길어지다,0
길이,0
길이므,0
김치,0
김해,0
깁다,0
까닥이다,0
까딱이다,0
까먹다,0
까발리다,0
까불다,-1
까지,0
까지는,0
까지도,0
까지를,0
까지만,0
까진,0
까치,0
까탈지다,0
깍이다,0
깎다,0
깐죽이다,0
깔다,0
깔딱이다,0
깔리다,0
깔보다,0
깔짝이다,0
깜박이다,0
깜빡,0
깜빡이다,0
깜작이다,0
깜짝이다,0
깨끗해지다,2
깨나,0
깨다,0
깨닫다,1
깨뜨리다,0
깨물다,-1
깨부수다,-1
깨어나다,0
깨어지다,0
깨여지다,0
깨우다,0
깨우치다,0
깨지다,0
깨치다,0
꺠어나다,0
꺼꾸러뜨리다,0
꺼꾸러지다,0
꺼내다,0
꺼리다,0
꺼벅이다,0
꺼지다,0
꺾다,0
껄떡이다,-1
껌벅이다,0
껌뻑이다,0
껵다,0
꼬꾸라지다,-1
꼬리치다,0
꼬박이다,0
꼬부라지다,0
꼬부리다,0
꼬불치다,0
꼬집다,1
꼲다,0
꼴다,-1
꼴리다,-1
꼽히다,0
꽂다,0
꽂히다,0
꽉차다,0
꽥꽥대다,0
꾀다,0
꾸기다,0
꾸다,0
꾸리,0
꾸리다,0
꾸무럭대다,0
꾸무적거리다,0
꾸무적대다,0
꾸물거리다,0
꾸미다,0
꾸벅이다,0
꾸부러지다,0
꾸뻑이다,0
꾸짖다,-1
꿇다,-1
꿈꾸다,0
꿰뚫다,0
꿰매다,0
끄다,0
끄덕이다,0
끊기다,0
끊다,0
끊어지다,0
끊음,-1
끌다,0
끌리다,0
끌어내리다,0
끌어당기다,0
끌어안다,1
끓다,0
끓이다,0
끙끙대다,-1
끝나다,0
끝내다,0
끼니,0
끼다,0
끼어들다,-1
끼우다,0
끼울다,0
끼치다,0
낄낄대다,-1
낑낑대다,-1
나가다,0
나가떨어지다,0
나가야,0
나가요,0
나기,0
나꾸다,0
나나,0
나노,0
나누다,0
나누어지다,0
나눔,0
나눠지다,0
나뉘다,0
나뉘어지다,0
나니,0
나다,0
나다니다,0
나대다,-1
나돌다,0
나동그라지다,0
나뒹굴다,-1
나르다,0
나무라다,-1
나부끼다,0
나불대다,-1
나붙다,0
나빠지다,-2
나사지다,0
나서다,0
나선,0
나시,0
나아가다,0
나아지다,0
나앉다,0
나야,0
나오니,0
나오다,0
나우,0
나이,0
나자빠지다,-1
나타나다,0
나타남,0
나타내다,0
나풀거리다,0
나풀대다,0
나하,0
낙인찍히다,0
낚아채다,-1
난거지,0
난건,0
난대,0
난리치다,-2
날다,0
날뛰다,0
날라지다,0
날름,0
날리다,0
날림,0
날수,0
날아가다,0
날아다니다,0
날아들다,0
날아오다,0
날아오르다,0
날인,0
날줄,0
날카로워지다,-2
낡아지다,-1
남겨지다,0
남구,0
남기다,0
남다,0
남도,0
남면,0
남서,0
남실대다,0
남아,0
남아나다,0
남아돌다,0
남자,0
남재,0
남진,0
납치,0
낫다,0
낮아지다,0
낮추다,0
낳다,0
낳을,0
내기,0
내놓다,0
내다,0
내다보다,0
내디디다,0
내딛다,0
내려가다,0
내려놓다,0
내려다보다,0
내려앉다,0
내려오다,0
내려지다,0
내리다,0
내리쬐다,0
내면,0
내미다,0
내뱉다,0
내버리다,-1
내보내다,-1
내보이다,0
내쉬다,0
내시,0
내신,0
내야,0
내자,0
내젓다,0
내주,0
내주다,0
내지,0
내쫓다,0
냠냠대다,0
너덜대다,-1
너부러지다,-1
너울거리다,0
너울대다,0
널다,0
넓어지다,0
넓히다,0
넘겨다보다,0
넘겨받다,0
넘겨보다,0
넘겨주다,0
넘겨짚다,0
넘기다,0
넘다,0
넘실대다,0
넘어가다,0
넘어뜨리다,-1
넘어서다,0
넘어오다,0
넘어지다,-1
넣다,0
노니,0
노닥이다,0
노려보다,-2
노리다,-1
노을,0
녹나다,0
녹다,0
녹슬다,-1
녹아내리다,0
녹이다,0
녹지,0
놀다,0
놀라다,0
놀란,0
놀람,0
놀리다,0
농사짓다,0
농치다,0
높아지다,0
높이,0
높이다,0
놓다,0
놓아두다,0
놓이다,0
놓치다,0
놔두다,0
누르다,0
누리,0
누리다,0
눈감다,0
눈뜨다,0
눈물나다,1
눕다,0
뉘엿대다,0
뉘우다,0
뉘우치다,0
느껴지다,0
느끼다,0
느낌,0
느냐고,0
느냐에,0
는게,0
는구나,0
는군,0
는다,0
는다고,0
는다는,0
는다는데,0
는다만,0
는다며,0
는다면,0
는답니다,0
는대,0
는대로,0
는데,0
는데는,0
는데다,0
는데도,0
는데서,0
는지,0
는지는,0
는지도,0
는지라,0
는지를,-1
는지요,0
늘다,0
늘리다,0
늘어나다,0
늘어놓다,0
늘어서다,0
늘어지다,0
늙다,0
늦다,-1
늦어지다,-1
늦추다,0
니당다,0
다가,0
다가가다,0
다가들다,0
다가서다,0
다가앉다,0
다가오다,0
다그치다,0
다급해지다,-1
다녀가다,0
다녀오다,0
다는데,0
다니다,0
다다르다,0
다독이다,1
다듬다,1
다듬어지다,1
다려지다,1
다루다,1
다루어지다,1
다리,0
다리다,0
다린,0
다물다,0
다물어지다,0
다박대다,0
다스려지다,0
다스리다,0
다시,0
다시다,0
다양해지다,0
다음가다,0
다잡다,0
다져지다,0
다지,0
다지다,0
다지르다,0
다짐,0
다집,0
다치다,0
다투다,0
닥쳐오다,0
닥치다,0
닦다,0
닦아지다,0
닦여지다,0
닦이다,0
단것,0
단계,0
단다,0
단도,0
단아,0
단오,0
단지,0
닫다,0
닫히다,0
달구다,0
달다,0
달뜨다,0
달라,0
달라붙다,0
달라지다,0
달랑이다,0
달래,0
달래다,0
달려가다,0
달려들다,0
달려오다,0
달리,0
달리기,0
달리다,0
달아나다,0
달아오르다,0
달이다,0
달인,0
닮다,0
닳다,-1
담그다,0
담기다,0
담다,0
담들다,0
당기다,0
닿다,0
대거,0
대게,0
대고,0
대구,0
대기,0
대끼다,0
대니,0
대다,0
대답,0
대도,0
대들다,-1
대리,0
대면,0
대물리다,-1
대박나다,2
대보다,0
대사,0
대신,0
대안,0
대어지다,0
대여받다,0
대우,0
대우받다,1
대인,0
대접받다,1
대지,0
대출받다,0
대치,0
대하,0
대해,0
댓글달다,0
더듬다,0
더디다,0
더러워지다,-2
더럽히다,-2
더불다,0
더워지다,0
던지다,0
덜다,0
덜렁대다,0
덜렁이다,0
덜컥대다,0
덜컹대다,0
덜컹이다,0
덤벙거리다,0
덤벙대다,0
덤비다,0
덧붙이다,0
덩실대다,0
덮다,0
덮이다,0
데려가다,0
데려오다,0
데리,0
데리다,0
데우다,0
도닥이다,0
도드라지다,1
도려내다,0
도르다,0
도망가다,-1
도망치다,-1
도와주다,1
돋다,0
돋보다,1
돋보이다,1
돋아나다,1
돌기,0
돌다,0
돌다리,0
돌라매다,0
돌라보다,0
돌라서다,0
돌려주다,0
돌리다,0
돌보다,0
돌아가다,0
돌아다니다,0
돌아보다,0
돌아서다,0
돌아오다,0
돌이,0
돌이키다,0
돌진,0
돕다,0
돼다,0
돼지,0
되게,0
되다,0
되돌리다,0
되돌아가다,0
되돌아보다,0
되돌아오다,0
되살리다,0
되새기다,0
되씹다,0
되어다,0
되찾다,0
된거,0
두기,0
두다,0
두드리다,0
두르다,0
두리번거리다,0
두시,0
둘러놓다,0
둘러대다,0
둘러막다,0
둘러매다,0
둘러보다,0
둘러붙다,0
둘러서다,0
둘러스다,0
둘러싸다,0
둘러싸이다,0
둘러쌓다,0
둘러앉다,0
둥글리다,0
둥실대다,0
둥치다,0
뒈지다,0
뒤덮히다,0
뒤따르다,0
뒤지다,0
뒤집어지다,0
뒤척거리다,0
뒤틀다,-1
뒤틀리다,-1
뒷목잡다,-2
드나들다,0
드날리다,0
드높아지다,0
드높이다,0
드니,0
드러나다,0
드러내다,0
드러눕다,0
드리다,0
드리우다,0
드리워지다,0
드릴,0
드림,0
드립,0
드세지다,-1
득실대다,0
든지,0
듣기,0
듣다,0
듣보다,0
들것,0
들고나다,0
들고파다,0
들끓다,0
들다,0
들러붙다,0
들레다,0
들려오다,0
들려주다,0
들르다,0
들리다,0
들먹이다,0
들붙다,0
들썩대다,1
들썩이다,1
들어가다,0
들어맞다,0
들어서다,0
들어오다,0
들어주다,0
들여놓다,0
들여다보다,0
들이굽다,0
들이다,0
들이마시다,0
들이밀다,0
들이켜다,0
들이키다,0
들척이다,0
들추다,0
들추어내다,0
들키다,0
디디,0
디디다,0
디밀다,0
디지다,0
딛다,0
따내다,0
따다,0
따돌리다,-1
따라가다,0
따라다니다,0
따라서,0
따라오다,0
따라잡다,0
따로서다,0
따르다,0
따름,0
따리,0
따먹다,0
따오다,0
따지다,0
딸리다,0
딸아,0
때리다,-2
때우다,0
땡기다,-1
땡잡다,1
떄리다,-2
떠가다,0
떠나가다,0
떠나다,0
떠나오다,0
떠내다,0
떠내려가다,0
떠다니다,0
떠돌다,-1
떠돌아다니다,-1
떠들다,-1
떠듬거리다,-1
떠밀다,-1
떠받다,1
떠받치다,1
떠벌리다,-1
떠벌이다,-1
떠보다,-1
떠오르다,1
떠올리다,0
떠지다,0
떤다,-1
떨구다,0
떨다,0
떨리다,0
떨어뜨리다,0
떨어지다,0
떨치다,0
떼다,0
떼밀다,0
떼쓰다,-1
떼이다,0
뚜들기다,-1
뚫다,0
뚫리다,0
뚫어지다,0
뛰놀다,0
뛰다,
뛰어가다,0
뛰어나가다,0
뛰어나오다,0
뛰어내리다,0
뛰어넘다,0
뛰어놀다,0
뛰어다니다,0
뛰어들다,0
뛰어오다,0
뛰어오르다,0
뜨다,0
뜨이다,0
뜯기다,0
뜯다,0
뜸뜨다,0
띄다,0
띄우다,0
띠이다,0
리듬타다,0
마는,0
마시기,0
마시다,0
마심,0
마싯다,0
마음먹다,0
마음잡다,0
마주,0
마주치다,0
마지않다,0
마치,
마치다,0
마침,0
막내,0
막다,0
막히다,0
만나다,0
만난,0
만날,0
만남,0
만들다,0
만들어지다,0
만인,0
만지다,0
만지작대다,0
만치,0
만하,0
많아지다,0
말개지다,0
말고는,0
말고도,0
말다,0
말러,0
말리,0
말리다,0
말림,0
말씀드리다,0
말아먹다,0
맛보다,0
망가지다,0
망설이다,-1
망치,0
망치다,-2
맞다,-2
맞닿다,0
맞대다,0
맞먹다,0
맞부딪다,-1
맞부딪치다,-1
맞붙다,-2
맞서다,-1
맞이,0
맞추다,0
맞춤,0
맡기다,0
맡다,0
매끄러지다,0
매끌거리다,0
매다,0
매달다,0
매달리다,0
매도,0
매만지다,0
매수,
매실,0
매우,0
매치다,-1
맴돈다,0
맴돌다,0
맺다,0
머거다,0
머겅다,0
머구다,0
머무르다,0
머물다,0
머뭇거리다,0
먹고다,0
먹고살다,0
먹기,0
먹다,0
먹듯,0
먹어주다,1
먹여주다,1
먹음,0
먹이,0
먹이다,-1
먹히다,-1
멀어지다,0
멈추다,0
멈칫대다,0
멎다,0
메기,0
메다,0
메우다,0
메이,0
메인,0
모르다,0
모름,0
모시,0
모시다,0
모여들다,0
모으다,0
모이,0
모이다,0
모임,0
모자라다,0
몰다,0
몰랑대다,0
몰려들다,0
몰려오다,0
몰리,0
몰리다,0
몰아치다,0
몰이,0
못자다,0
무너지다,-1
무시,0
무치다,0
묵고,0
묵다,0
묵음,0
묶다,0
묶이다,0
묶인,0
문고,0
문과,0
문구,0
문대,0
문서,0
문어,0
문인,0
문자,0
문지르다,0
문하,0
묻다,0
묻히다,0
물다,0
물들다,0
물러나다,0
물러서다,0
물러앉다,0
물렁대다,0
물르다,0
물리,0
물리다,0
물말,0
물어,0
물어보다,0
물이,0
물줄기,0
뭉그러지다,0
뭉그적거리다,0
뭉치다,0
뭐라다,0
미끄러지다,0
미끌거리다,0
미끌대다,0
미루다,0
미우다,0
믿다,0
믿어지다,0
밀고,0
밀다,0
밀려오다,0
밀리,0
밀리다,0
밀림,0
밀면,0
밀치다,0
바글대다,0
바꾸다,0
바꿈,0
바꿔치다,0
바뀌다,0
바닥나다,0
바라다,0
바라다보다,0
바라다보이다,0
바라보다,0
바라보이다,0
바라뵈다,0
바라지다,0
바란,0
바람,0
바람나다,-1
바람맞다,-1
바래다주다,0
바로잡다,1
바로잡히다,1
바르나,0
바르다,0
바름,0
바삭대다,0
바수다,0
바스라지다,0
바스락대다,0
바스러지다,0
바치다,0
박다,0
박수,1
박아,0
박자,0
박지르다,0
박차다,0
박히다,0
반기다,0
반작이다,0
반짝거리다,2
반짝대다,2
반짝이다,2
반환받다,0
받다,0
받아들이다,0
받치다,
발가벗기다,-1
발가벗다,0
발기다,0
발라,0
발리,0
발리다,0
발발대다,0
발버둥치다,-2
밝다,2
밝아지다,2
밝혀내다,0
밝혀지다,0
밝히다,
밟다,0
밤새,0
밤새다,0
밤새우다,0
밧다,0
밧줄,0
배곯다,0
배기,0
배다,0
배려,2
배수,0
배우다,0
배워주다,0
배재,0
배치,
밸리,0
뱉다,-1
버둥대다,-1
버럭거리다,-2
버려지다,-2
버리다,0
버벅대다,-1
버정이다,0
버티고,0
버티다,0
벅적대다,0
벅적이다,0
번득이다,0
번뜩이다,0
번쩍이다,1
벋다,0
벋치다,0
벌거벗기다,-1
벌다,0
벌떡이다,0
벌렁대다,0
벌룽대다,0
벌름대다,0
벌리다,0
벌린,0
벌어지다,0
벌이,0
벌이다,0
벌주다,0
벌컥거리다,0
벌컥대다,0
법석이다,-1
벗겨지다,-1
벗기다,0
벗다,0
벗어나다,0
벗어지다,0
베다,-1
베사,0
베이,0
베인,0
베풀다,0
벤치,0
변치않다,0
병들다,-2
보고,0
보고오다,0
보구,0
보기,0
보나,0
보내다,0
보내오다,0
보다,0
보다는,0
보다도,0
보다만,0
보다야,0
보단,0
보답,0
보대끼다,0
보더,0
보도,0
보듬다,2
보라,0
보로,0
보살피다,2
보수,0
보시,0
보신,0
보아,0
보여주다,0
보이,0
보이다,0
보이시,0
보이지,0
보일러,0
보임,0
보전,0
보지,0
보채다,0
복받치다,0
복작대다,0
복작이다,0
복타다,0
볶다,0
볶이다,0
본뜨다,0
본받다,0
본보다,0
볼록이다,0
봄타다,0
뵈다,0
뵙다,0
부각시키다,0
부글대다,-2
부닥치다,-1
부대끼다,-1
부둥켜안다,0
부둥키다,0
부들대다,0
부딛히다,-1
부딪치다,-1
부딪히다,-1
부라리다,-2
부러,0
부러지다,0
부르다,0
부르짖다,-1
부르트다,-1
부릅뜨다,-2
부리,0
부리고,-1
부리다,-1
부림,-1
부비적거리다,0
부비적대다,0
부서뜨리다,-1
부서지다,-1
부스대다,-1
부스러지다,-1
부스러트리다,-1
부스럭대다,-1
부시,0
부시다,0
부시럭거리다,-1
부시럭대다,-1
부신,0
부심,0
부여잡다,0
부추기다,0
부추키다,0
부치다,0
부친,0
부풀다,0
부풀리다,0
북받치다,0
분가,0
분거,0
분다,0
분명해지다,0
분수,0
분자,0
분전,0
불가,0
불거지다,0
불고기,0
불구,0
불기,0
불다,0
불러일으키다,0
불리,0
불리다,0
불면,0
불수,0
불안,0
불어,0
불어오다,0
불지,0
붐비다,0
붓다,0
붙다,0
붙들다,0
붙박다,0
붙이,0
붙이다,0
붙잡다,0
붙잡히다,0
비고,0
비기다,0
비꼬다,0
비다,0
비뚤다,0
비뚤어지다,0
비비고,0
비비다,0
비빔면,0
비실,0
비아,0
비야,0
비우기,0
비우다,0
비웃다,
비지,0
비추다,0
비치,0
비치다,0
비키,0
비키다,0
비틀대다,0
비틀리다,0
비틀어지다,0
빈정대다,-2
빌다,0
빌라,0
빌리다,0
빌붙다,-1
빌어,0
빗나가다,0
빗다,0
빗대다,0
빗어주다,0
빗줄기,0
빛나다,0
빠뜨리다,0
빠져나가다,0
빠져나오다,0
빠져들다,0
빠지다,0
빡시다,0
빨다,0
빨아들이다,0
빼놓다,0
빼다,0
빼먹다,0
빼앗기다,-1
빼앗다,-1
뺏다,0
뻐기다,0
뻗다,0
뻗치다,0
뻥뚤리다,0
뽀드득대다,1
뽀록나다,1
뽀시락거리다,1
뽀시락대다,1
뽀얘지다,1
뽐내다,1
뽑다,0
뽑히다,0
뽕나다,0
뿌리,0
뿌리다,0
뿌리치다,0
뿜어내다,0
삐뚤어지다,-1
사가,0
사가다,0
사각대다,0
사각이다,0
사고,0
사고팔다,0
사구,0
사귀다,1
사그라들다,1
사그라지다,1
사기,-1
사나워지다,-1
사내,0
사다,0
사다리,0
사도,0
사들이다,0
사라,0
사라지다,-1
사랑,2
사랑받다,2
사로자다,0
사로잡히다,-1
사르,0
사르다,0
사리,0
사리다,0
사리물다,0
사마,0
사먹다,0
사무치다,0
사보다,0
사부작대다,0
사서,0
사수,0
사실,0
사안,0
사야가,0
사오다,0
사옵니다,0
사용,0
사위,0
사위다,0
사이,0
사자,0
사주다,0
사주면,0
사지,0
사진,0
사하다,0
사해,0
삭이다,0
삭히다,0
산다,0
산소,0
산이,0
산줄기,0
살길,0
살다,0
살라,0
살랑대다,2
살랑이다,1
살리다,1
살림,0
살수,0
살아가다,1
살아나다,1
살아오다,0
살이,0
살펴보다,1
살피,0
살피다,0
삶다,0
삼가다,0
삼거리,0
삼다,0
삼재,0
삼키다,0
새근대다,0
새기다,0
새김,0
새다,0
새우,0
새우다,0
샘내다,-2
샘솟다,0
생각나다,0
생겨나다,0
생기,0
생기다,0
서걱대다,0
서걱이다,0
서고,0
서구,0
서글퍼지다,-2
서기,0
서다,0
서두르다,-1
서둘다,-1
서든,0
서럽다,-2
서리,0
서리다,0
서면,0
서서,0
서성거리다,-1
서성대다,-1
서성이다,-1
서슴다,0
서울,0
서지,0
섞다,0
섞이다,0
선거,0
선보다,0
선보이다,0
선수,0
선시,0
선우,0
선인,0
선지,0
설계,0
설다,0
설익다,0
섬겨지다,1
섬기다,1
성나다,0
성남,-1
성내다,-1
세계,0
세다,0
세도,0
세수,0
세우다,0
세워지다,0
세지,0
소름끼치다,-1
소리내다,0
소리치다,-1
소문나다,0
속닥거리다,0
속닥이다,0
속달거리다,0
속삭이다,0
속살거리다,0
속이다,-2
손꼽다,0
손대다,0
손잡다,1
솟구치다,0
솟다,0
솟아오르다,0
수군거리다,-1
수군대다,-1
수런거리다,-1
수선거리다,-1
수선대다,-1
숙덕거리다,-1
숙이다,0
술렁거리다,0
술렁대다,0
술렁이다,0
숨기,0
숨기다,0
숨다,0
숨쉬다,0
숨지다,0
쉬다,0
스멀거리다,0
스멀대다,0
스며들다,0
스미다,0
스쳐보다,0
스치다,0
슬렁거리다,0
슴벅이다,0
시끌벅적거리다,0
시끌벅적대다,0
시달리다,-1
시들거리다,-1
시들다,-1
시뻘게지다,-1
시새다,0
시새우다,0
시샘,-1
시시대다,0
시시덕거리다,0
시집가다,0
시커메지다,0
시큰거리다,0
시큰대다,0
시키다,0
시킴,0
시퍼레지다,0
식구,0
식다,0
식히다,0
신계,0
신고,-1
신기,0
신기다,0
신다,0
신시,0
신어,0
신음,0
신자,0
신지,0
신하,0
싣다,0
실룩거리다,1
실리,0
실리다,0
심각해지다,0
심다,0
심리,0
심지어,0
심해지다,-1
싱글거리다,1
싶다,0
싸고돌다,0
싸다,1
싸다니다,0
싸매다,0
싸우다,-2
싸움,-2
싸이다,0
싸인,0
싸잡다,0
싸지르다,0
싹트다,0
쌓다,0
쌓이다,0
쌕쌕거리다,-1
쌩까다,-2
써다,0
써리다,0
써주다,0
썩다,0
썩이다,0
썰다,0
썰리다,0
쏘다,0
쏘아보다,0
쏘이다,0
쏘지르다,0
쏟다,0
쏟아내다,0
쏟아지다,0
쏠다,0
쏠리다,0
쐬다,0
쑤다,0
쑤시다,0
쓰기,0
쓰다,0
쓰다듬다,2
쓰러지다,-1
쓰시,0
쓰이다,0
쓴다,0
쓸다,0
쓸리다,0
씌우다,0
씨근거리다,0
씨부리다,-1
씩씩거리다,-1
씩씩대다,-1
씰룩거리다,1
씰룩이다,1
씹다,0
씹히다,0
씻기다,0
씻다,0
아끼다,2
아로새기다,0
아롱거리다,0
아롱지다,0
아뢰다,0
아른거리다,0
아른대다,0
아름거리다,0
아름다워지다,0
아름대다,0
아물거리다,0
아물다,0
아삭거리다,0
아삭대다,0
아스러지다,0
아우라,0
아우러지다,0
아우르다,0
아우성치다,0
아울리다,0
아작이다,0
아장거리다,0
악물다,0
악쓰다,-1
악악거리다,0
악악대다,0
악화시키다,0
안거,0
안고,0
안기다,1
안길,1
안나,0
안내,1
안내받다,1
안내소,1
안다,0
안도,1
안떨어지다,0
안이,0
안전,0
안정화시키다,1
안주,0
안지,0
안질리다,1
앉다,0
앉히다,0
않다,0
알다,0
알랑거리다,0
알려지다,0
알리다,0
알아내다,0
알아듣다,0
알아맞히다,0
알아보다,0
알아주다,0
알아차리다,0
알아채다,0
알짱거리다,0
알짱대다,0
앍다,0
앓다,0
앓아눕다,0
암지르다,0
압축시키다,0
앗다,0
앙다물다,0
앙앙대다,0
앞당겨지다,0
앞당기다,0
앞두다,0
앞서,0
앞서다,0
앞세우다,0
앞장서다,0
앞장세우다,0
애쓰다,0
앵앵거리다,0
앵앵대다,0
야물다,-1
야위다,0
약해지다,-1
어그러지다,0
어긋나다,-1
어기다,-1
어기적거리다,0
어기적대다,0
어두워지다,0
어딨다,0
어려워지다,-1
어루만지다,1
어룽거리다,0
어룽대다,0
어룽지다,0
어르다,0
어른,0
어른거리다,0
어른대다,0
어리다,0
어린이,0
어물거리다,-1
어물쩍거리다,-1
어슬렁거리다,-1
어슬렁대다,-1
어우러지다,0
어우르다,0
어울리다,1
어울림,1
어정거리다,0
어정대다,0
어지러워지다,-1
어지럽혀지다,-1
어지럽히다,-1
어지르다,-1
어질거리다,0
억눌리다,-1
억압받다,-2
억억거리다,0
억제시키다,1
얹다,0
얹혀살다,0
얹히다,0
얻다,0
얻어맞다,-2
얻어먹다,0
얼다,0
얼룩지다,-1
얼른,0
얼리다,0
얼버무리다,-1
얼비치다,0
얼빠지다,-1
얼싸다,0
얼싸안다,1
얼씬거리다,0
얼어붙다,0
얼음,0
얼쩡거리다,-1
얼쩡대다,-1
얽다,0
얽매다,0
얽매이다,0
얽히다,0
업다,0
업도,0
없애다,0
없어지다,0
엇갈리다,0
엉엉거리다,0
엉클다,-1
엉클어지다,-1
엎드리다,0
엎어지다,0
여가,0
여겨지다,0
여기,0
여기다,0
여니,0
여위다,0
여유롭다,2
여쭈다,0
여한,0
열거,0
열기,0
열다,0
열리다,0
열매,0
엿보다,0
였음,0
오가다,0
오구,0
오그라들다,0
오그라지다,0
오그리다,0
오글거리다,0
오기,0
오냐,0
오는,0
오니,0
오다,0
오도,0
오도독거리다,0
오독거리다,0
오라,0
오르내리다,0
오르다,0
오른,0
오름,0
오물거리다,0
오므라들다,0
오므라지다,0
오므리다,0
오비다,0
오시,0
오신,0
오십,0
오싹거리다,0
오염시키다,0
오이,0
오자,0
오전,0
오지,0
오진,0
오히려,0
온건,0
올라가다,0
올라서다,0
올라오다,0
올라타다,0
올려놓다,0
올려다보다,0
올려주다,0
올리다,0
올린다,0
올습니다,0
올시다,0
옭아매다,0
옮기다,0
옵나이다,0
옵니다,0
옵니다만,0
옷벗다,0
옹그리다,0
옹알거리다,0
옹크리다,0
와는,0
와도,0
와만,0
와아,0
와우,0
와이,0
와인,0
왁작대다,0
왤다,0
외다,0
외면,0
외우다,0
외치,0
외치다,0
요동치다,0
욕먹다,-1
용기,1
용다,0
용담,0
용면,0
용이,0
용인,0
용지,0
우그리다,0
우기,0
우기다,0
우물거리다,-1
우비다,0
우쭐거리다,-1
우쭐대다,-1
운수,0
운전,0
운지,0
운하,0
울다,0
울렁거리다,0
울렁대다,0
울렁이다,0
울리다,0
울먹거리다,0
울먹이다,0
울부짖다,0
움직,0
움직거리다,0
움직이다,0
움직임,0
움찔거리다,-1
움츠러들다,-1
움츠러지다,-1
움츠리다,-1
움치다,0
움켜잡다,0
움켜쥐다,0
움키다,0
움파다,0
웃기다,0
웃다,0
웃어요,0
웃음,0
웅성거리다,0
웅성대다,0
웅크리다,0
웨치다,0
읊조리다,0
음슴다,0
읎드다,0
응얼거리다,0
이겠다,0
이글거리다,0
이글대다,0
이기,0
이기다,0
이끌다,0
이다,0
이라고도,0
이래도,0
이루,0
이루다,1
이루어지다,1
이뤄지다,1
이르다,0
이름,0
이십,0
이아,0
이야기,0
이어지다,0
이어진,0
이었음,0
이인,0
이지,0
이지러지다,0
이하,0
이해,0
익다,0
익사,0
익숙해지다,1
익음,0
익히다,1
인가요,0
인거,0
인데,0
인정받다,2
일구다,0
일그러지다,0
일사,0
일시,0
일어,0
일어나고,0
일어나다,0
일어나서,0
일어서다,0
일으키다,0
일이,0
일주,0
일진,0
일치,0
일컫다,0
일텐데,0
읽다,0
읽히다,0
잃다,-1
잃어버리다,-1
임시,0
입구,0
입다,0
입어보다,0
입자,0
입지,0
입히다,0
잇다,0
잇따르다,0
잊다,0
잊어버리다,0
잊혀지다,0
자고,0
자구,0
자극받다,0
자극시키다,0
자글거리다,0
자기,0
자네,0
자다,0
자도,0
자라,0
자라나다,0
자라다,0
자랑거리다,0
자랑삼다,0
자르다,0
자박이다,0
자백받다,-1
자빠뜨리다,-1
자빠지다,-1
자서,0
자수,0
자시다,0
자신,0
자아내다,0
자재,0
자전,0
자제시키다,0
자주,0
자지,0
자지러지다,-1
작동시키다,0
작아지다,0
잔말,0
잖다,0
잘나가다,0
잘나오다,0
잘라먹다,0
잘라지다,0
잘려지다,0
잘리다,0
잘못,0
잘못짚다,-1
잘불르다,1
잘빠지다,0
잘뽑다,0
잘살다,0
잘쓰다,0
잘알다,0
잘잘,0
잘추다,0
잘해주다,1
잠그다,0
잠기,0
잠기다,0
잠들다,0
잠시,0
잠자다,0
잠재우다,0
잡고,0
잡다,0
잡수다,0
잡수시다,0
잡숫다,0
잡아가다,0
잡아끌다,0
잡아내다,0
잡아넣다,0
잡아당기다,0
잡아들이다,0
잡아떼다,-1
잡아매다,0
잡아먹다,0
잡아먹히다,0
잡아채다,0
잡아타다,0
잡음,0
잡혀가다,0
잡히다,0
잦다,0
재고,0
재는,0
재다,0
재도,0
재수,0
재우다,0
재잘거리다,0
재잘대다,0
재주,0
재질,0
저러다,0
저물다,0
저벅거리다,0
저주받다,-1
저지르다,0
적다,0
적어도,0
적어지다,0
적하,0
적히다,0
젂다,0
전해지다,0
전해진,0
접다,0
접수,0
접지,0
젓다,0
정해지다,0
젖다,0
젖소,0
젖히다,0
져서,0
조르다,0
조심,0
조심하다,1
조아리다,0
조아하다,0
조여,0
조이다,0
조인,0
조잘거리다,0
족치다,0
졸다,0
졸리다,0
졸이다,0
좁히다,0
좋아지다,0
주거,0
주겨주다,0
주고받다,0
주기,0
주니,0
주다,0
주더,0
주리,0
주리다,0
주말,0
주무르다,0
주무시다,0
주시,0
주신,0
주어,0
주어지다,0
주자,0
주저앉다,0
주절거리다,0
주절대다,0
주지,0
주춤거리다,0
주춤대다,0
주하,0
죽다,0
죽도,0
죽여주다,1
죽이다,-2
죽치다,0
준수,0
줄기,0
줄다,0
줄어들다,0
줄이다,0
줍다,0
중얼거리다,0
쥐다,0
쥐어박다,-1
즐기다,2
지구,0
지기,0
지껄이다,-1
지나,0
지나가다,0
지나다,0
지나치다,0
지난,0
지난해,0
지남,0
지내다,0
지네,0
지니다,0
지다,0
지도,0
지라,0
지르다,0
지름,0
지리,0
지리다,0
지린다,1
지만,0
지요,0
지우다,0
지워지다,0
지인,0
지지,0
지지다,0
지질,0
지치다,0
지켜보다,0
지키다,0
지킴,0
지피다,0
지하,0
진로,0
진리,0
진아,0
진주,0
진지,0
질라,0
질리,0
질리다,-1
질린다,-1
집다,0
집어넣다,0
집어치우다,0
짓누르다,0
짓눌리다,0
짓다,0
짖다,0
짙어지다,0
짚다,0
짜개다,0
짜그리다,0
짜깁다,0
짜내다,0
짜다,0
짜들다,0
짜이다,0
짜지다,0
짝짝대다,0
짤깍거리다,0
짤랑거리다,0
짤랑대다,0
짤랑이다,0
짤짤거리다,0
짧아지다,0
째다,0
째지다,0
쨍쨍거리다,0
쩔다,0
쩔쩔매다,-1
쪼개다,0
쪼개지다,0
쪼그라들다,0
쪼그라뜨리다,0
쪼그라지다,0
쪼그리다,0
쪼들리다,0
쪼아먹다,0
쪼이다,0
쪽팔리다,-1
쫑알거리다,0
쫑알대다,0
쫒다,0
쫓겨나다,-1
쫓기다,-1
쫓다,0
쫓아가다,0
쫓아내다,-1
쫓아오다,0
쬐다,0
쭈그러들다,0
쭈그러뜨리다,0
쭈그러지다,0
쭈그리다,0
찌게,0
찌그러뜨리다,-1
찌그러지다,-1
찌그리다,-1
찌꺼기,-1
찌다,0
찌들다,0
찌르다,0
찌부러지다,-1
찌푸리다,-1
찍기,0
찍다,0
찍어내다,0
찍어매다,0
찍히다,0
찐득거리다,0
찔리다,0
찡그리다,0
찡긋거리다,0
찡얼거리다,-1
찡얼대다,-1
찡찡거리다,-1
찡찡대다,-1
찢기다,-1
찢다,0
찢어지다,0
찧다,0
차가워지다,0
차고,0
차기,0
차니,0
차다,0
차단시키다,0
차도,0
차랑거리다,0
차랑대다,0
차려,0
차려입다,1
차리기,0
차리다,0
차림,0
차박대다,0
차분거리다,0
차분해지다,1
차서,0
차오르다,0
차요,0
차이,0
차이나다,0
차이다,0
차입,0
차지,0
차하,0
착륙시키다,0
찬물붓다,-1
찮아다,0
찰강거리다,1
찰그랑거리다,1
찰나,1
찰랑거리다,1
찰랑대다,1
찰랑이다,1
찰방거리다,1
찰방이다,1
찰싹이다,-1
찰칵거리다,0
찰칵대다,0
찰칵이다,0
참고,0
참다,0
참여,0
참전,0
참치,0
찾기,0
찾다,0
찾아가다,0
찾아내다,0
찾아다니다,0
찾아듣다,0
찾아보다,0
찾아오다,0
채다,0
채보,0
채우다,0
채운,0
책임지다,1
챙기다,0
처지,0
처지다,0
쳐다보다,0
촐랑거리다,-1
촐랑대다,-1
촐랑이다,-1
촐싹거리다,-1
촐싹대다,-1
총총거리다,0
총총대다,0
촬촬거리다,0
추가,0
추구,0
추근대다,-1
추나,0
추다,0
추리,0
추석대다,0
추워지다,0
추이,0
추적거리다,0
추진,0
춘자,0
출구,0
출렁대다,0
출렁이다,0
출전,0
춤추다,0
춥다,0
치가,0
치고는,0
치고받다,-1
치근대다,-1
치근덕대다,-1
치네다,-1
치다,-1
치닫다,0
치달리다,0
치대다,0
치돌리다,0
치뜨다,0
치러지다,0
치료받다,0
치루어지다,0
치뤄지다,0
치르다,0
치면,0
치밀다,-1
치받다,-1
치솟다,-1
치우다,0
치우치다,0
치워지다,0
치이다,0
치켜들다,0
치켜뜨다,0
치켜세우다,0
치키다,0
치킨,0
치하,0
칙칙거리다,-1
칙칙대다,-1
친해지다,1
칭얼거리다,0
칭얼대다,0
카인,0
캐다,0
캠퍼,0
커서,0
커지다,0
켜다,0
켜지다,0
콕콕대다,0
콜록거리다,-1
콩닥거리다,1
콩닥대다,1
콩당거리다,1
콩콩거리다,1
콩콩이다,1
콸콸대다,-1
쾅쾅거리다,-1
쿵쾅거리다,-1
크다,0
큰소리치다,-1
큰코다치다,-1
킁킁거리다,0
키득거리다,-1
키득대다,-1
키우다,0
키워지다,0
킥킥대다,-1
킬킬거리다,-1
킬킬대다,-1
타가,0
타겟,0
타고,0
타고나다,0
타구,0
타나,0
타네,0
타다,0
타도,0
타오르다,0
타올대다,0
타요,0
타운,0
타워,0
타지,0
탄지,0
탄하,0
탈각이다,0
탈것,0
탈수,0
탐방거리다,0
탐방대다,0
탕탕거리다,0
태어나다,0
태우다,0
터덕대다,0
터덜거리다,0
터뜨리다,0
터벅거리다,0
터지다,0
털다,0
털리다,-1
토끼,0
토끼다,0
토나오다,-1
토닥이다,1
통기다,0
통통거리다,0
톺다,0
투덜거리다,-1
투덜대다,-1
튀기다,0
튀김,0
튀다,0
튀어,0
튀어나오다,0
트이다,0
특징짓다,0
틀다,0
틀려먹다,-1
틀려지다,-1
틀리다,-1
틀어놓다,-1
틀어막다,-1
틀어박히다,-1
틀어잡다,-1
틀어주다,-1
틀어지다,-1
틈나다,0
틈타다,0
틔우다,0
팅기다,0
파가,0
파고들다,0
파내다,0
파네,0
파다,0
파닥거리다,0
파닥이다,0
파도,0
파도치다,0
파래지다,-1
파먹다,0
파먹히다,0
파면,0
파묻다,0
파묻히다,0
파시,0
파여지다,0
파오,0
파이,0
파이다,0
파주,0
파지다,0
파헤치다,0
판다,0
판단,0
판이,0
판지,0
판치다,0
판하,0
팔다,0
팔딱거리다,0
팔딱이다,0
팔락거리다,0
팔락이다,0
팔랑거리다,0
팔랑대다,0
팔랑이다,0
팔리다,0
팔음,0
팔지마다,0
팡팡거리다,0
퍼내다,0
퍼덕거리다,0
퍼덕이다,0
퍼붓다,0
퍼석거리다,0
퍼지다,0
펄떡거리다,0
펄떡대다,0
펄떡이다,0
펄럭거리다,0
펄럭대다,0
펄럭이다,0
펄렁이다,0
펄쩍거리다,0
펴내다,0
펴다,0
편이,0
편전,0
편주,0
편지,0
펼쳐지다,0
펼치다,0
포개다,0
푸네,0
푸다,0
푸석거리다,-1
푸석대다,-1
푹쉬다,0
풀다,0
풀리다,0
풀썩거리다,0
풀어지다,0
풀이,0
풀죽다,-1
풀풀거리다,-1
풀풀대다,-1
품다,0
풍기,0
풍기다,0
풍덩거리다,0
피고,0
피다,0
피더,0
피어,0
피우다,0
피우지,0
피자,0
피하,0
필수,0
필요,0
하고가,0
하고는,0
하고도,0
하고라도,0
하고만,0
하고야,0
하고의,0
하고프다,0
하구로,0
하기는,0
하기야,0
하노,0
하노이,0
하늘거리다,1
하늘대다,0
하니,0
하니아,0
하니지,0
하다,0
하동대다,0
하든,0
하마,0
하므다,0
하비,0
하비다,0
하신기,0
하얘지다,1
하여가,0
하여진,0
하옵다,0
하자,0
하지만,-1
하지시,0
하진,0
한계,0
한나,0
한난,0
한눈팔다,0
한다는,0
한단,0
한당,0
한데,0
한들거리다,0
한들대다,0
한물가다,0
한숨짓다,-1
한시,0
한우,0
한인,0
한자,0
한정시키다,0
한지,0
한진,0
한해,0
할기다,0
할끔대다,-1
할딱거리다,-1
할딱대다,-1
할딱이다,-1
할인,0
할퀴다,-1
핥다,0
함안,0
합치다,0
해고,0
해구,0
해군,0
해기,0
해나,0
해난,0
해내다,1
해니,0
해달라다,0
해답,0
해당,0
해대,0
해도,0
해드리다,0
해랑,0
해롭다,0
해리,0
해마,0
해마다,0
해만,0
해만이,0
해면,0
해보다,0
해봤다,0
해사,0
해소,0
해수,0
해시,0
해신,0
해십,0
해안,0
해어지다,0
해오,0
해오다,0
해오리,0
해오이,0
해우,0
해우소,0
해운,0
해이,0
해인,0
해자,0
해전,0
해주,0
해주다,0
해주시,0
해지,0
해진,0
해치,0
해치다,0
해침,0
해하,0
해해,0
행해지다,0
허기지다,0
허니,0
허다,0
허당,-1
허덕거리다,-1
허덕대다,-1
허덕이다,-1
허둥거리다,-1
허둥대다,-1
허리,0
허비다,0
허우적거리다,-1
허우적대다,-1
허우적이다,-1
헉헉거리다,0
헉헉대다,0
헐다,-1
헐떡거리다,-1
헐떡대다,-1
헐떡이다,-1
헐뜯다,-1
헐렁이다,-1
험로,0
헛디디다,-1
헝클다,-1
헝클리다,-1
헝클어뜨리다,-1
헝클어지다,-1
헤매다,-1
헤아리다,0
헤어지다,0
헤집다,-1
헤치다,-1
호로록대다,-1
호리다,-1
호림,0
호비다,0
혼나다,-2
혼내다,-2
홈키다,0
홈파다,0
홈패다,0
화나다,-2
활발해지다,2
후려치다,-2
후리다,-1
후벼파다,-1
후비다,-1
훑다,0
훔치다,-1
휘감다,0
휘날리다,0
휘두르다,0
휘둥그레지다,2
휘적거리다,0
휘적이다,0
휘정거리다,-1
휘청거리다,-1
휘청대다,-1
휘청이다,-1
휩싸다,0
휩싸이다,0
흉보다,-2
흐려지다,0
흐르다,0
흐리다,0
흔들다,0
흔들리다,0
흘겨보다,0
흘러가다,0
흘러나오다,0
흘러내리다,0
흘리다,0
흥얼거리다,2
흥이나다,2
흩날리다,0
흩다,0
흩어지다,0
히트치다,2
힐끔거리다,0
힐끗거리다,0
힘내다,0
힘빠지다,0
힘쓰다,0
힘주다,0
